Station Name,Datetime,Wind_Dir_Deg,Wind_Max_mph,Air_Temp_Avg
Black Diamond,2021-05-08 01:00:00,302,18.0,61.0
Black Diamond,2021-05-08 02:00:00,311,16.0,60.0
Black Diamond,2021-05-08 03:00:00,316,18.0,59.0
Black Diamond,2021-05-08 04:00:00,319,18.0,60.0
Black Diamond,2021-05-08 05:00:00,320,23.0,59.0
Black Diamond,2021-05-08 06:00:00,333,17.0,62.0
Black Diamond,2021-05-08 07:00:00,334,16.0,65.0
Black Diamond,2021-05-08 08:00:00,335,14.0,67.0
Black Diamond,2021-05-08 09:00:00,21,20.0,72.0
Black Diamond,2021-05-08 10:00:00,4,18.0,76.0
Black Diamond,2021-05-08 11:00:00,326,16.0,77.0
Black Diamond,2021-05-08 12:00:00,350,17.0,80.0
Black Diamond,2021-05-08 13:00:00,356,18.0,82.0
Black Diamond,2021-05-08 14:00:00,5,17.0,84.0
Black Diamond,2021-05-08 15:00:00,322,19.0,84.0
Black Diamond,2021-05-08 16:00:00,319,24.0,83.0
Black Diamond,2021-05-08 17:00:00,323,20.0,81.0
Black Diamond,2021-05-08 18:00:00,283,23.0,76.0
Black Diamond,2021-05-08 19:00:00,276,22.0,71.0
Black Diamond,2021-05-08 20:00:00,258,21.0,70.0
Black Diamond,2021-05-08 21:00:00,257,14.0,69.0
Black Diamond,2021-05-08 22:00:00,259,18.0,65.0
Black Diamond,2021-05-08 23:00:00,272,22.0,67.0
Black Diamond,2021-05-08 00:00:00,294,22.0,67.0
Black Diamond,2021-05-07 01:00:00,269,26.0,53.0
Black Diamond,2021-05-07 02:00:00,271,29.0,52.0
Black Diamond,2021-05-07 03:00:00,255,28.0,50.0
Black Diamond,2021-05-07 04:00:00,260,23.0,49.0
Black Diamond,2021-05-07 05:00:00,266,25.0,49.0
Black Diamond,2021-05-07 06:00:00,261,23.0,49.0
Black Diamond,2021-05-07 07:00:00,271,25.0,50.0
Black Diamond,2021-05-07 08:00:00,273,21.0,53.0
Black Diamond,2021-05-07 09:00:00,271,22.0,56.0
Black Diamond,2021-05-07 10:00:00,272,21.0,59.0
Black Diamond,2021-05-07 11:00:00,305,19.0,66.0
Black Diamond,2021-05-07 12:00:00,298,16.0,68.0
Black Diamond,2021-05-07 13:00:00,288,17.0,71.0
Black Diamond,2021-05-07 14:00:00,283,20.0,71.0
Black Diamond,2021-05-07 15:00:00,282,20.0,71.0
Black Diamond,2021-05-07 16:00:00,276,24.0,69.0
Black Diamond,2021-05-07 17:00:00,271,24.0,67.0
Black Diamond,2021-05-07 18:00:00,252,21.0,65.0
Black Diamond,2021-05-07 19:00:00,263,15.0,62.0
Black Diamond,2021-05-07 20:00:00,254,14.0,61.0
Black Diamond,2021-05-07 21:00:00,256,14.0,60.0
Black Diamond,2021-05-07 22:00:00,261,16.0,59.0
Black Diamond,2021-05-07 23:00:00,308,18.0,63.0
Black Diamond,2021-05-07 00:00:00,298,17.0,62.0
Black Diamond,2021-05-06 01:00:00,266,24.0,56.0
Black Diamond,2021-05-06 02:00:00,266,26.0,57.0
Black Diamond,2021-05-06 03:00:00,268,29.0,57.0
Black Diamond,2021-05-06 04:00:00,263,27.0,56.0
Black Diamond,2021-05-06 05:00:00,272,25.0,55.0
Black Diamond,2021-05-06 06:00:00,267,23.0,54.0
Black Diamond,2021-05-06 07:00:00,264,22.0,57.0
Black Diamond,2021-05-06 08:00:00,273,27.0,58.0
Black Diamond,2021-05-06 09:00:00,274,24.0,61.0
Black Diamond,2021-05-06 10:00:00,272,26.0,63.0
Black Diamond,2021-05-06 11:00:00,273,31.0,64.0
Black Diamond,2021-05-06 12:00:00,276,32.0,66.0
Black Diamond,2021-05-06 13:00:00,274,30.0,69.0
Black Diamond,2021-05-06 14:00:00,274,31.0,68.0
Black Diamond,2021-05-06 15:00:00,276,34.0,66.0
Black Diamond,2021-05-06 16:00:00,272,35.0,65.0
Black Diamond,2021-05-06 17:00:00,269,32.0,62.0
Black Diamond,2021-05-06 18:00:00,263,33.0,59.0
Black Diamond,2021-05-06 19:00:00,272,31.0,57.0
Black Diamond,2021-05-06 20:00:00,275,30.0,56.0
Black Diamond,2021-05-06 21:00:00,274,32.0,56.0
Black Diamond,2021-05-06 22:00:00,275,30.0,55.0
Black Diamond,2021-05-06 23:00:00,274,25.0,52.0
Black Diamond,2021-05-06 00:00:00,265,20.0,53.0
Black Diamond,2021-05-05 01:00:00,248,9.0,70.0
Black Diamond,2021-05-05 02:00:00,246,12.0,70.0
Black Diamond,2021-05-05 03:00:00,248,10.0,70.0
Black Diamond,2021-05-05 04:00:00,241,9.0,69.0
Black Diamond,2021-05-05 05:00:00,124,6.0,70.0
Black Diamond,2021-05-05 06:00:00,266,8.0,71.0
Black Diamond,2021-05-05 07:00:00,287,8.0,72.0
Black Diamond,2021-05-05 08:00:00,25,7.0,78.0
Black Diamond,2021-05-05 09:00:00,44,8.0,80.0
Black Diamond,2021-05-05 10:00:00,20,8.0,82.0
Black Diamond,2021-05-05 11:00:00,32,11.0,84.0
Black Diamond,2021-05-05 12:00:00,54,10.0,86.0
Black Diamond,2021-05-05 13:00:00,302,15.0,86.0
Black Diamond,2021-05-05 14:00:00,302,18.0,87.0
Black Diamond,2021-05-05 15:00:00,27,9.0,88.0
Black Diamond,2021-05-05 16:00:00,272,23.0,83.0
Black Diamond,2021-05-05 17:00:00,273,27.0,78.0
Black Diamond,2021-05-05 18:00:00,272,22.0,71.0
Black Diamond,2021-05-05 19:00:00,268,25.0,65.0
Black Diamond,2021-05-05 20:00:00,266,21.0,60.0
Black Diamond,2021-05-05 21:00:00,266,24.0,65.0
Black Diamond,2021-05-05 22:00:00,269,22.0,63.0
Black Diamond,2021-05-05 23:00:00,255,21.0,62.0
Black Diamond,2021-05-05 00:00:00,261,23.0,59.0
Black Diamond,2021-05-04 01:00:00,279,18.0,70.0
Black Diamond,2021-05-04 02:00:00,276,19.0,68.0
Black Diamond,2021-05-04 03:00:00,286,16.0,67.0
Black Diamond,2021-05-04 04:00:00,275,17.0,65.0
Black Diamond,2021-05-04 05:00:00,305,19.0,67.0
Black Diamond,2021-05-04 06:00:00,327,15.0,69.0
Black Diamond,2021-05-04 07:00:00,328,17.0,71.0
Black Diamond,2021-05-04 08:00:00,341,14.0,73.0
Black Diamond,2021-05-04 09:00:00,345,13.0,76.0
Black Diamond,2021-05-04 10:00:00,23,12.0,79.0
Black Diamond,2021-05-04 11:00:00,34,13.0,80.0
Black Diamond,2021-05-04 12:00:00,339,10.0,84.0
Black Diamond,2021-05-04 13:00:00,318,11.0,85.0
Black Diamond,2021-05-04 14:00:00,307,13.0,84.0
Black Diamond,2021-05-04 15:00:00,289,20.0,82.0
Black Diamond,2021-05-04 16:00:00,288,20.0,82.0
Black Diamond,2021-05-04 17:00:00,281,21.0,80.0
Black Diamond,2021-05-04 18:00:00,275,20.0,77.0
Black Diamond,2021-05-04 19:00:00,264,14.0,71.0
Black Diamond,2021-05-04 20:00:00,250,13.0,71.0
Black Diamond,2021-05-04 21:00:00,254,12.0,71.0
Black Diamond,2021-05-04 22:00:00,254,12.0,70.0
Black Diamond,2021-05-04 23:00:00,253,12.0,72.0
Black Diamond,2021-05-04 00:00:00,242,10.0,72.0
Black Diamond,2021-05-03 01:00:00,284,21.0,62.0
Black Diamond,2021-05-03 02:00:00,291,19.0,62.0
Black Diamond,2021-05-03 03:00:00,297,20.0,62.0
Black Diamond,2021-05-03 04:00:00,317,17.0,62.0
Black Diamond,2021-05-03 05:00:00,325,20.0,62.0
Black Diamond,2021-05-03 06:00:00,330,22.0,63.0
Black Diamond,2021-05-03 07:00:00,333,15.0,66.0
Black Diamond,2021-05-03 08:00:00,333,18.0,69.0
Black Diamond,2021-05-03 09:00:00,327,18.0,71.0
Black Diamond,2021-05-03 10:00:00,8,20.0,77.0
Black Diamond,2021-05-03 11:00:00,7,20.0,80.0
Black Diamond,2021-05-03 12:00:00,316,18.0,79.0
Black Diamond,2021-05-03 13:00:00,313,21.0,80.0
Black Diamond,2021-05-03 14:00:00,318,19.0,84.0
Black Diamond,2021-05-03 15:00:00,314,20.0,84.0
Black Diamond,2021-05-03 16:00:00,298,23.0,81.0
Black Diamond,2021-05-03 17:00:00,277,25.0,78.0
Black Diamond,2021-05-03 18:00:00,275,25.0,75.0
Black Diamond,2021-05-03 19:00:00,273,23.0,72.0
Black Diamond,2021-05-03 20:00:00,249,17.0,71.0
Black Diamond,2021-05-03 21:00:00,256,13.0,70.0
Black Diamond,2021-05-03 22:00:00,254,14.0,68.0
Black Diamond,2021-05-03 23:00:00,260,20.0,67.0
Black Diamond,2021-05-03 00:00:00,262,22.0,67.0
Black Diamond,2021-05-02 01:00:00,256,25.0,51.0
Black Diamond,2021-05-02 02:00:00,259,21.0,51.0
Black Diamond,2021-05-02 03:00:00,260,21.0,52.0
Black Diamond,2021-05-02 04:00:00,262,22.0,51.0
Black Diamond,2021-05-02 05:00:00,258,23.0,51.0
Black Diamond,2021-05-02 06:00:00,262,21.0,52.0
Black Diamond,2021-05-02 07:00:00,264,23.0,54.0
Black Diamond,2021-05-02 08:00:00,272,26.0,57.0
Black Diamond,2021-05-02 09:00:00,275,23.0,60.0
Black Diamond,2021-05-02 10:00:00,274,23.0,64.0
Black Diamond,2021-05-02 11:00:00,286,22.0,69.0
Black Diamond,2021-05-02 12:00:00,295,23.0,73.0
Black Diamond,2021-05-02 13:00:00,299,22.0,74.0
Black Diamond,2021-05-02 14:00:00,300,24.0,75.0
Black Diamond,2021-05-02 15:00:00,300,24.0,75.0
Black Diamond,2021-05-02 16:00:00,282,27.0,73.0
Black Diamond,2021-05-02 17:00:00,277,31.0,71.0
Black Diamond,2021-05-02 18:00:00,275,28.0,68.0
Black Diamond,2021-05-02 19:00:00,269,26.0,64.0
Black Diamond,2021-05-02 20:00:00,252,19.0,63.0
Black Diamond,2021-05-02 21:00:00,264,17.0,62.0
Black Diamond,2021-05-02 22:00:00,261,22.0,60.0
Black Diamond,2021-05-02 23:00:00,269,23.0,61.0
Black Diamond,2021-05-02 00:00:00,277,22.0,63.0
Black Diamond,2021-05-01 01:00:00,233,27.0,58.0
Black Diamond,2021-05-01 02:00:00,258,23.0,55.0
Black Diamond,2021-05-01 03:00:00,260,31.0,53.0
Black Diamond,2021-05-01 04:00:00,263,29.0,52.0
Black Diamond,2021-05-01 05:00:00,264,28.0,52.0
Black Diamond,2021-05-01 06:00:00,264,27.0,55.0
Black Diamond,2021-05-01 07:00:00,269,24.0,57.0
Black Diamond,2021-05-01 08:00:00,270,28.0,60.0
Black Diamond,2021-05-01 09:00:00,271,30.0,63.0
Black Diamond,2021-05-01 10:00:00,272,34.0,66.0
Black Diamond,2021-05-01 11:00:00,273,37.0,65.0
Black Diamond,2021-05-01 12:00:00,266,37.0,67.0
Black Diamond,2021-05-01 13:00:00,270,39.0,67.0
Black Diamond,2021-05-01 14:00:00,274,34.0,66.0
Black Diamond,2021-05-01 15:00:00,271,36.0,64.0
Black Diamond,2021-05-01 16:00:00,273,34.0,62.0
Black Diamond,2021-05-01 17:00:00,269,32.0,60.0
Black Diamond,2021-05-01 18:00:00,269,27.0,58.0
Black Diamond,2021-05-01 19:00:00,259,24.0,58.0
Black Diamond,2021-05-01 20:00:00,244,24.0,58.0
Black Diamond,2021-05-01 21:00:00,252,23.0,57.0
Black Diamond,2021-05-01 22:00:00,261,27.0,55.0
Black Diamond,2021-05-01 23:00:00,261,26.0,54.0
Black Diamond,2021-05-01 00:00:00,268,29.0,53.0
Briones,2021-05-08 01:00:00,247,12.0,52.0
Briones,2021-05-08 02:00:00,310,19.0,56.0
Briones,2021-05-08 03:00:00,330,16.0,60.0
Briones,2021-05-08 04:00:00,331,17.0,59.0
Briones,2021-05-08 05:00:00,339,17.0,60.0
Briones,2021-05-08 06:00:00,329,14.0,64.0
Briones,2021-05-08 07:00:00,336,15.0,69.0
Briones,2021-05-08 08:00:00,355,12.0,71.0
Briones,2021-05-08 09:00:00,32,16.0,76.0
Briones,2021-05-08 10:00:00,10,17.0,80.0
Briones,2021-05-08 11:00:00,3,19.0,83.0
Briones,2021-05-08 12:00:00,30,16.0,85.0
Briones,2021-05-08 13:00:00,26,14.0,87.0
Briones,2021-05-08 14:00:00,12,16.0,87.0
Briones,2021-05-08 15:00:00,346,15.0,88.0
Briones,2021-05-08 16:00:00,301,15.0,85.0
Briones,2021-05-08 17:00:00,234,17.0,79.0
Briones,2021-05-08 18:00:00,237,21.0,74.0
Briones,2021-05-08 19:00:00,235,18.0,71.0
Briones,2021-05-08 20:00:00,243,15.0,67.0
Briones,2021-05-08 21:00:00,234,17.0,66.0
Briones,2021-05-08 22:00:00,270,17.0,65.0
Briones,2021-05-08 23:00:00,240,10.0,62.0
Briones,2021-05-08 00:00:00,260,12.0,60.0
Briones,2021-05-07 01:00:00,224,17.0,48.0
Briones,2021-05-07 02:00:00,226,17.0,47.0
Briones,2021-05-07 03:00:00,225,19.0,46.0
Briones,2021-05-07 04:00:00,227,21.0,45.0
Briones,2021-05-07 05:00:00,225,18.0,45.0
Briones,2021-05-07 06:00:00,231,15.0,49.0
Briones,2021-05-07 07:00:00,225,15.0,53.0
Briones,2021-05-07 08:00:00,226,15.0,55.0
Briones,2021-05-07 09:00:00,225,14.0,60.0
Briones,2021-05-07 10:00:00,217,11.0,66.0
Briones,2021-05-07 11:00:00,203,10.0,70.0
Briones,2021-05-07 12:00:00,282,16.0,73.0
Briones,2021-05-07 13:00:00,275,13.0,74.0
Briones,2021-05-07 14:00:00,230,14.0,72.0
Briones,2021-05-07 15:00:00,229,14.0,72.0
Briones,2021-05-07 16:00:00,226,17.0,69.0
Briones,2021-05-07 17:00:00,227,19.0,66.0
Briones,2021-05-07 18:00:00,228,18.0,62.0
Briones,2021-05-07 19:00:00,226,18.0,59.0
Briones,2021-05-07 20:00:00,229,16.0,58.0
Briones,2021-05-07 21:00:00,233,14.0,58.0
Briones,2021-05-07 22:00:00,256,12.0,56.0
Briones,2021-05-07 23:00:00,304,14.0,57.0
Briones,2021-05-07 00:00:00,259,12.0,54.0
Briones,2021-05-06 01:00:00,224,19.0,47.0
Briones,2021-05-06 02:00:00,228,24.0,48.0
Briones,2021-05-06 03:00:00,230,22.0,49.0
Briones,2021-05-06 04:00:00,228,22.0,48.0
Briones,2021-05-06 05:00:00,227,24.0,48.0
Briones,2021-05-06 06:00:00,225,23.0,48.0
Briones,2021-05-06 07:00:00,225,20.0,54.0
Briones,2021-05-06 08:00:00,226,20.0,56.0
Briones,2021-05-06 09:00:00,224,19.0,62.0
Briones,2021-05-06 10:00:00,227,17.0,63.0
Briones,2021-05-06 11:00:00,226,19.0,65.0
Briones,2021-05-06 12:00:00,224,16.0,71.0
Briones,2021-05-06 13:00:00,229,18.0,69.0
Briones,2021-05-06 14:00:00,230,23.0,67.0
Briones,2021-05-06 15:00:00,226,23.0,66.0
Briones,2021-05-06 16:00:00,227,20.0,64.0
Briones,2021-05-06 17:00:00,225,22.0,62.0
Briones,2021-05-06 18:00:00,226,22.0,57.0
Briones,2021-05-06 19:00:00,228,25.0,56.0
Briones,2021-05-06 20:00:00,228,24.0,54.0
Briones,2021-05-06 21:00:00,232,24.0,52.0
Briones,2021-05-06 22:00:00,227,25.0,51.0
Briones,2021-05-06 23:00:00,220,18.0,49.0
Briones,2021-05-06 00:00:00,224,16.0,48.0
Briones,2021-05-05 01:00:00,227,7.0,62.0
Briones,2021-05-05 02:00:00,229,6.0,62.0
Briones,2021-05-05 03:00:00,226,6.0,61.0
Briones,2021-05-05 04:00:00,209,4.0,64.0
Briones,2021-05-05 05:00:00,231,5.0,64.0
Briones,2021-05-05 06:00:00,221,4.0,68.0
Briones,2021-05-05 07:00:00,211,4.0,74.0
Briones,2021-05-05 08:00:00,39,7.0,76.0
Briones,2021-05-05 09:00:00,34,11.0,78.0
Briones,2021-05-05 10:00:00,41,13.0,83.0
Briones,2021-05-05 11:00:00,39,9.0,85.0
Briones,2021-05-05 12:00:00,23,10.0,86.0
Briones,2021-05-05 13:00:00,254,11.0,89.0
Briones,2021-05-05 14:00:00,221,15.0,87.0
Briones,2021-05-05 15:00:00,227,20.0,84.0
Briones,2021-05-05 16:00:00,226,22.0,78.0
Briones,2021-05-05 17:00:00,226,20.0,69.0
Briones,2021-05-05 18:00:00,229,18.0,61.0
Briones,2021-05-05 19:00:00,223,18.0,53.0
Briones,2021-05-05 20:00:00,229,21.0,52.0
Briones,2021-05-05 21:00:00,228,18.0,51.0
Briones,2021-05-05 22:00:00,225,19.0,52.0
Briones,2021-05-05 23:00:00,225,17.0,49.0
Briones,2021-05-05 00:00:00,224,19.0,48.0
Briones,2021-05-04 01:00:00,231,14.0,61.0
Briones,2021-05-04 02:00:00,231,11.0,60.0
Briones,2021-05-04 03:00:00,228,12.0,59.0
Briones,2021-05-04 04:00:00,232,12.0,58.0
Briones,2021-05-04 05:00:00,241,7.0,58.0
Briones,2021-05-04 06:00:00,243,7.0,64.0
Briones,2021-05-04 07:00:00,222,6.0,69.0
Briones,2021-05-04 08:00:00,218,11.0,70.0
Briones,2021-05-04 09:00:00,51,6.0,77.0
Briones,2021-05-04 10:00:00,38,10.0,82.0
Briones,2021-05-04 11:00:00,17,12.0,84.0
Briones,2021-05-04 12:00:00,30,12.0,85.0
Briones,2021-05-04 13:00:00,242,10.0,84.0
Briones,2021-05-04 14:00:00,233,15.0,84.0
Briones,2021-05-04 15:00:00,234,15.0,83.0
Briones,2021-05-04 16:00:00,230,18.0,81.0
Briones,2021-05-04 17:00:00,226,15.0,79.0
Briones,2021-05-04 18:00:00,225,16.0,73.0
Briones,2021-05-04 19:00:00,225,13.0,67.0
Briones,2021-05-04 20:00:00,226,11.0,67.0
Briones,2021-05-04 21:00:00,223,11.0,65.0
Briones,2021-05-04 22:00:00,246,7.0,68.0
Briones,2021-05-04 23:00:00,247,6.0,65.0
Briones,2021-05-04 00:00:00,235,6.0,64.0
Briones,2021-05-03 01:00:00,242,10.0,55.0
Briones,2021-05-03 02:00:00,238,12.0,55.0
Briones,2021-05-03 03:00:00,316,16.0,60.0
Briones,2021-05-03 04:00:00,332,19.0,61.0
Briones,2021-05-03 05:00:00,319,15.0,59.0
Briones,2021-05-03 06:00:00,335,13.0,65.0
Briones,2021-05-03 07:00:00,316,12.0,69.0
Briones,2021-05-03 08:00:00,349,12.0,73.0
Briones,2021-05-03 09:00:00,16,12.0,78.0
Briones,2021-05-03 10:00:00,18,15.0,81.0
Briones,2021-05-03 11:00:00,26,16.0,82.0
Briones,2021-05-03 12:00:00,351,16.0,86.0
Briones,2021-05-03 13:00:00,346,14.0,86.0
Briones,2021-05-03 14:00:00,273,16.0,88.0
Briones,2021-05-03 15:00:00,223,19.0,82.0
Briones,2021-05-03 16:00:00,233,21.0,81.0
Briones,2021-05-03 17:00:00,225,24.0,78.0
Briones,2021-05-03 18:00:00,229,22.0,74.0
Briones,2021-05-03 19:00:00,247,15.0,71.0
Briones,2021-05-03 20:00:00,240,15.0,68.0
Briones,2021-05-03 21:00:00,238,12.0,66.0
Briones,2021-05-03 22:00:00,233,13.0,64.0
Briones,2021-05-03 23:00:00,233,14.0,63.0
Briones,2021-05-03 00:00:00,238,12.0,61.0
Briones,2021-05-02 01:00:00,227,17.0,50.0
Briones,2021-05-02 02:00:00,235,20.0,50.0
Briones,2021-05-02 03:00:00,240,16.0,52.0
Briones,2021-05-02 04:00:00,235,16.0,51.0
Briones,2021-05-02 05:00:00,232,17.0,51.0
Briones,2021-05-02 06:00:00,236,20.0,53.0
Briones,2021-05-02 07:00:00,226,22.0,55.0
Briones,2021-05-02 08:00:00,246,18.0,62.0
Briones,2021-05-02 09:00:00,240,12.0,67.0
Briones,2021-05-02 10:00:00,279,14.0,74.0
Briones,2021-05-02 11:00:00,241,16.0,73.0
Briones,2021-05-02 12:00:00,281,16.0,78.0
Briones,2021-05-02 13:00:00,232,16.0,75.0
Briones,2021-05-02 14:00:00,228,23.0,75.0
Briones,2021-05-02 15:00:00,230,24.0,74.0
Briones,2021-05-02 16:00:00,229,23.0,72.0
Briones,2021-05-02 17:00:00,228,24.0,68.0
Briones,2021-05-02 18:00:00,226,23.0,65.0
Briones,2021-05-02 19:00:00,236,23.0,62.0
Briones,2021-05-02 20:00:00,242,20.0,61.0
Briones,2021-05-02 21:00:00,237,13.0,59.0
Briones,2021-05-02 22:00:00,238,14.0,59.0
Briones,2021-05-02 23:00:00,251,9.0,57.0
Briones,2021-05-02 00:00:00,244,10.0,57.0
Briones,2021-05-01 01:00:00,223,24.0,47.0
Briones,2021-05-01 02:00:00,227,26.0,46.0
Briones,2021-05-01 03:00:00,225,20.0,47.0
Briones,2021-05-01 04:00:00,222,19.0,47.0
Briones,2021-05-01 05:00:00,223,18.0,49.0
Briones,2021-05-01 06:00:00,222,17.0,53.0
Briones,2021-05-01 07:00:00,220,18.0,59.0
Briones,2021-05-01 08:00:00,229,15.0,63.0
Briones,2021-05-01 09:00:00,227,18.0,67.0
Briones,2021-05-01 10:00:00,227,21.0,65.0
Briones,2021-05-01 11:00:00,231,25.0,67.0
Briones,2021-05-01 12:00:00,229,25.0,68.0
Briones,2021-05-01 13:00:00,230,23.0,67.0
Briones,2021-05-01 14:00:00,222,25.0,67.0
Briones,2021-05-01 15:00:00,222,21.0,65.0
Briones,2021-05-01 16:00:00,224,24.0,63.0
Briones,2021-05-01 17:00:00,224,23.0,60.0
Briones,2021-05-01 18:00:00,221,22.0,53.0
Briones,2021-05-01 19:00:00,222,19.0,51.0
Briones,2021-05-01 20:00:00,226,23.0,52.0
Briones,2021-05-01 21:00:00,225,21.0,50.0
Briones,2021-05-01 22:00:00,226,21.0,50.0
Briones,2021-05-01 23:00:00,229,22.0,50.0
Briones,2021-05-01 00:00:00,225,19.0,49.0
Las Trampas,2021-05-08 01:00:00,329,14.0,54.0
Las Trampas,2021-05-08 02:00:00,15,16.0,55.0
Las Trampas,2021-05-08 03:00:00,15,22.0,57.0
Las Trampas,2021-05-08 04:00:00,17,24.0,56.0
Las Trampas,2021-05-08 05:00:00,21,22.0,56.0
Las Trampas,2021-05-08 06:00:00,30,19.0,60.0
Las Trampas,2021-05-08 07:00:00,29,19.0,62.0
Las Trampas,2021-05-08 08:00:00,25,22.0,64.0
Las Trampas,2021-05-08 09:00:00,37,22.0,68.0
Las Trampas,2021-05-08 10:00:00,31,21.0,71.0
Las Trampas,2021-05-08 11:00:00,36,25.0,75.0
Las Trampas,2021-05-08 12:00:00,33,23.0,77.0
Las Trampas,2021-05-08 13:00:00,31,22.0,78.0
Las Trampas,2021-05-08 14:00:00,42,18.0,80.0
Las Trampas,2021-05-08 15:00:00,22,24.0,81.0
Las Trampas,2021-05-08 16:00:00,340,27.0,82.0
Las Trampas,2021-05-08 17:00:00,316,29.0,78.0
Las Trampas,2021-05-08 18:00:00,290,15.0,73.0
Las Trampas,2021-05-08 19:00:00,309,21.0,70.0
Las Trampas,2021-05-08 20:00:00,300,18.0,67.0
Las Trampas,2021-05-08 21:00:00,312,19.0,65.0
Las Trampas,2021-05-08 22:00:00,339,20.0,64.0
Las Trampas,2021-05-08 23:00:00,315,18.0,63.0
Las Trampas,2021-05-08 00:00:00,318,17.0,60.0
Las Trampas,2021-05-07 01:00:00,238,24.0,48.0
Las Trampas,2021-05-07 02:00:00,231,22.0,46.0
Las Trampas,2021-05-07 03:00:00,253,20.0,46.0
Las Trampas,2021-05-07 04:00:00,237,19.0,44.0
Las Trampas,2021-05-07 05:00:00,233,21.0,45.0
Las Trampas,2021-05-07 06:00:00,271,16.0,50.0
Las Trampas,2021-05-07 07:00:00,226,11.0,51.0
Las Trampas,2021-05-07 08:00:00,239,10.0,56.0
Las Trampas,2021-05-07 09:00:00,238,13.0,59.0
Las Trampas,2021-05-07 10:00:00,266,13.0,64.0
Las Trampas,2021-05-07 11:00:00,244,11.0,69.0
Las Trampas,2021-05-07 12:00:00,247,14.0,72.0
Las Trampas,2021-05-07 13:00:00,241,17.0,73.0
Las Trampas,2021-05-07 14:00:00,241,19.0,71.0
Las Trampas,2021-05-07 15:00:00,248,21.0,71.0
Las Trampas,2021-05-07 16:00:00,249,20.0,69.0
Las Trampas,2021-05-07 17:00:00,243,19.0,65.0
Las Trampas,2021-05-07 18:00:00,240,16.0,61.0
Las Trampas,2021-05-07 19:00:00,249,13.0,57.0
Las Trampas,2021-05-07 20:00:00,258,12.0,58.0
Las Trampas,2021-05-07 21:00:00,300,12.0,57.0
Las Trampas,2021-05-07 22:00:00,298,15.0,56.0
Las Trampas,2021-05-07 23:00:00,6,16.0,56.0
Las Trampas,2021-05-07 00:00:00,317,20.0,56.0
Las Trampas,2021-05-06 01:00:00,250,22.0,50.0
Las Trampas,2021-05-06 02:00:00,250,21.0,50.0
Las Trampas,2021-05-06 03:00:00,260,18.0,52.0
Las Trampas,2021-05-06 04:00:00,261,18.0,48.0
Las Trampas,2021-05-06 05:00:00,260,20.0,50.0
Las Trampas,2021-05-06 06:00:00,261,18.0,51.0
Las Trampas,2021-05-06 07:00:00,255,19.0,55.0
Las Trampas,2021-05-06 08:00:00,245,17.0,56.0
Las Trampas,2021-05-06 09:00:00,240,15.0,62.0
Las Trampas,2021-05-06 10:00:00,230,19.0,63.0
Las Trampas,2021-05-06 11:00:00,232,20.0,65.0
Las Trampas,2021-05-06 12:00:00,238,18.0,70.0
Las Trampas,2021-05-06 13:00:00,242,20.0,69.0
Las Trampas,2021-05-06 14:00:00,233,23.0,65.0
Las Trampas,2021-05-06 15:00:00,232,22.0,65.0
Las Trampas,2021-05-06 16:00:00,214,22.0,62.0
Las Trampas,2021-05-06 17:00:00,233,21.0,60.0
Las Trampas,2021-05-06 18:00:00,229,22.0,53.0
Las Trampas,2021-05-06 19:00:00,241,21.0,51.0
Las Trampas,2021-05-06 20:00:00,249,30.0,50.0
Las Trampas,2021-05-06 21:00:00,247,25.0,49.0
Las Trampas,2021-05-06 22:00:00,252,24.0,50.0
Las Trampas,2021-05-06 23:00:00,231,24.0,49.0
Las Trampas,2021-05-06 00:00:00,213,21.0,49.0
Las Trampas,2021-05-05 01:00:00,305,5.0,66.0
Las Trampas,2021-05-05 02:00:00,265,5.0,66.0
Las Trampas,2021-05-05 03:00:00,300,4.0,67.0
Las Trampas,2021-05-05 04:00:00,300,3.0,68.0
Las Trampas,2021-05-05 05:00:00,73,2.0,68.0
Las Trampas,2021-05-05 06:00:00,309,2.0,73.0
Las Trampas,2021-05-05 07:00:00,357,3.0,76.0
Las Trampas,2021-05-05 08:00:00,45,8.0,75.0
Las Trampas,2021-05-05 09:00:00,35,10.0,76.0
Las Trampas,2021-05-05 10:00:00,16,7.0,79.0
Las Trampas,2021-05-05 11:00:00,1,9.0,83.0
Las Trampas,2021-05-05 12:00:00,238,16.0,89.0
Las Trampas,2021-05-05 13:00:00,241,17.0,88.0
Las Trampas,2021-05-05 14:00:00,232,18.0,86.0
Las Trampas,2021-05-05 15:00:00,243,23.0,83.0
Las Trampas,2021-05-05 16:00:00,231,25.0,78.0
Las Trampas,2021-05-05 17:00:00,223,30.0,71.0
Las Trampas,2021-05-05 18:00:00,219,32.0,65.0
Las Trampas,2021-05-05 19:00:00,234,23.0,57.0
Las Trampas,2021-05-05 20:00:00,247,16.0,57.0
Las Trampas,2021-05-05 21:00:00,266,16.0,57.0
Las Trampas,2021-05-05 22:00:00,201,18.0,53.0
Las Trampas,2021-05-05 23:00:00,241,18.0,52.0
Las Trampas,2021-05-05 00:00:00,248,23.0,52.0
Las Trampas,2021-05-04 01:00:00,303,13.0,62.0
Las Trampas,2021-05-04 02:00:00,311,12.0,61.0
Las Trampas,2021-05-04 03:00:00,301,10.0,58.0
Las Trampas,2021-05-04 04:00:00,308,8.0,57.0
Las Trampas,2021-05-04 05:00:00,1,9.0,64.0
Las Trampas,2021-05-04 06:00:00,18,12.0,68.0
Las Trampas,2021-05-04 07:00:00,20,9.0,70.0
Las Trampas,2021-05-04 08:00:00,316,6.0,71.0
Las Trampas,2021-05-04 09:00:00,76,8.0,75.0
Las Trampas,2021-05-04 10:00:00,35,11.0,75.0
Las Trampas,2021-05-04 11:00:00,31,15.0,77.0
Las Trampas,2021-05-04 12:00:00,327,10.0,82.0
Las Trampas,2021-05-04 13:00:00,258,14.0,86.0
Las Trampas,2021-05-04 14:00:00,243,17.0,85.0
Las Trampas,2021-05-04 15:00:00,264,17.0,85.0
Las Trampas,2021-05-04 16:00:00,240,17.0,82.0
Las Trampas,2021-05-04 17:00:00,242,16.0,78.0
Las Trampas,2021-05-04 18:00:00,226,14.0,72.0
Las Trampas,2021-05-04 19:00:00,240,10.0,68.0
Las Trampas,2021-05-04 20:00:00,249,8.0,69.0
Las Trampas,2021-05-04 21:00:00,272,9.0,69.0
Las Trampas,2021-05-04 22:00:00,312,10.0,68.0
Las Trampas,2021-05-04 23:00:00,318,8.0,68.0
Las Trampas,2021-05-04 00:00:00,292,7.0,67.0
Las Trampas,2021-05-03 01:00:00,291,14.0,54.0
Las Trampas,2021-05-03 02:00:00,332,13.0,57.0
Las Trampas,2021-05-03 03:00:00,349,13.0,56.0
Las Trampas,2021-05-03 04:00:00,25,18.0,58.0
Las Trampas,2021-05-03 05:00:00,20,23.0,58.0
Las Trampas,2021-05-03 06:00:00,35,18.0,61.0
Las Trampas,2021-05-03 07:00:00,24,17.0,63.0
Las Trampas,2021-05-03 08:00:00,38,17.0,66.0
Las Trampas,2021-05-03 09:00:00,21,21.0,68.0
Las Trampas,2021-05-03 10:00:00,16,22.0,71.0
Las Trampas,2021-05-03 11:00:00,28,22.0,75.0
Las Trampas,2021-05-03 12:00:00,16,20.0,78.0
Las Trampas,2021-05-03 13:00:00,26,25.0,79.0
Las Trampas,2021-05-03 14:00:00,7,23.0,81.0
Las Trampas,2021-05-03 15:00:00,287,19.0,85.0
Las Trampas,2021-05-03 16:00:00,260,16.0,83.0
Las Trampas,2021-05-03 17:00:00,287,20.0,78.0
Las Trampas,2021-05-03 18:00:00,273,20.0,73.0
Las Trampas,2021-05-03 19:00:00,308,25.0,69.0
Las Trampas,2021-05-03 20:00:00,311,16.0,68.0
Las Trampas,2021-05-03 21:00:00,300,12.0,65.0
Las Trampas,2021-05-03 22:00:00,307,18.0,64.0
Las Trampas,2021-05-03 23:00:00,308,14.0,63.0
Las Trampas,2021-05-03 00:00:00,312,11.0,62.0
Las Trampas,2021-05-02 01:00:00,272,19.0,50.0
Las Trampas,2021-05-02 02:00:00,266,16.0,49.0
Las Trampas,2021-05-02 03:00:00,279,18.0,50.0
Las Trampas,2021-05-02 04:00:00,283,16.0,49.0
Las Trampas,2021-05-02 05:00:00,291,15.0,49.0
Las Trampas,2021-05-02 06:00:00,280,16.0,52.0
Las Trampas,2021-05-02 07:00:00,268,16.0,54.0
Las Trampas,2021-05-02 08:00:00,310,15.0,61.0
Las Trampas,2021-05-02 09:00:00,325,18.0,63.0
Las Trampas,2021-05-02 10:00:00,316,19.0,69.0
Las Trampas,2021-05-02 11:00:00,244,16.0,73.0
Las Trampas,2021-05-02 12:00:00,239,18.0,74.0
Las Trampas,2021-05-02 13:00:00,237,22.0,74.0
Las Trampas,2021-05-02 14:00:00,244,23.0,75.0
Las Trampas,2021-05-02 15:00:00,237,23.0,74.0
Las Trampas,2021-05-02 16:00:00,242,24.0,72.0
Las Trampas,2021-05-02 17:00:00,245,21.0,69.0
Las Trampas,2021-05-02 18:00:00,251,20.0,64.0
Las Trampas,2021-05-02 19:00:00,281,22.0,61.0
Las Trampas,2021-05-02 20:00:00,288,21.0,59.0
Las Trampas,2021-05-02 21:00:00,311,14.0,58.0
Las Trampas,2021-05-02 22:00:00,288,13.0,56.0
Las Trampas,2021-05-02 23:00:00,306,14.0,56.0
Las Trampas,2021-05-02 00:00:00,304,14.0,56.0
Las Trampas,2021-05-01 01:00:00,226,35.0,45.0
Las Trampas,2021-05-01 02:00:00,216,30.0,45.0
Las Trampas,2021-05-01 03:00:00,223,27.0,45.0
Las Trampas,2021-05-01 04:00:00,246,26.0,46.0
Las Trampas,2021-05-01 05:00:00,263,24.0,48.0
Las Trampas,2021-05-01 06:00:00,252,19.0,50.0
Las Trampas,2021-05-01 07:00:00,253,21.0,54.0
Las Trampas,2021-05-01 08:00:00,252,17.0,57.0
Las Trampas,2021-05-01 09:00:00,254,21.0,60.0
Las Trampas,2021-05-01 10:00:00,240,26.0,61.0
Las Trampas,2021-05-01 11:00:00,236,27.0,63.0
Las Trampas,2021-05-01 12:00:00,230,33.0,64.0
Las Trampas,2021-05-01 13:00:00,238,29.0,62.0
Las Trampas,2021-05-01 14:00:00,238,29.0,58.0
Las Trampas,2021-05-01 15:00:00,230,29.0,57.0
Las Trampas,2021-05-01 16:00:00,218,32.0,54.0
Las Trampas,2021-05-01 17:00:00,225,34.0,52.0
Las Trampas,2021-05-01 18:00:00,228,33.0,49.0
Las Trampas,2021-05-01 19:00:00,204,23.0,47.0
Las Trampas,2021-05-01 20:00:00,220,20.0,49.0
Las Trampas,2021-05-01 21:00:00,198,21.0,47.0
Las Trampas,2021-05-01 22:00:00,239,20.0,51.0
Las Trampas,2021-05-01 23:00:00,246,20.0,50.0
Las Trampas,2021-05-02 00:00:00,263,24.0,50.0
